<beans xmlns="http://www.springframework.org/schema/beans"
	xmlns:context="http://www.springframework.org/schema/context"
	xmlns:xsi="http://www.w3.org/2001/XMLSchema-instance"
	xsi:schemaLocation="
   http://www.springframework.org/schema/beans     
   http://www.springframework.org/schema/beans/spring-beans.xsd
   http://www.springframework.org/schema/context 
   http://www.springframework.org/schema/context/spring-context.xsd">

	<!--  <context:component-scan base-package="com.infotech.controller"></context:component-scan> -->
	
	<bean id="HandlerMapping" class="org.springframework.web.servlet.handler.BeanNameUrlHandlerMapping"/>
	
<bean name="/HelloPage.jsp" class="lalu.ControllerHamara"/>	

	<bean id="viewResolver"
		class="org.springframework.web.servlet.view.InternalResourceViewResolver">

		<property name="prefix">

			<value>/WEB-INF/view/</value>
		</property>

		<property name="suffix">
			<value>.jsp</value>
		</property>
	</bean>

</beans>
