<?xml version="1.0" encoding="UTF-8"?>

<beans xsi:schemaLocation=" http://www.springframework.org/schema/beans http://www.springframework.org/schema/beans/spring-beans.xsd http://www.springframework.org/schema/context http://www.springframework.org/schema/context/spring-context.xsd" xmlns:xsi="http://www.w3.org/2001/XMLSchema-instance" xmlns:context="http://www.springframework.org/schema/context" xmlns="http://www.springframework.org/schema/beans">


<bean class="com.infotech.model.Student" id="student">

<property value="10001" name="studentId"/>

<property value="SUdha Verma" name="studentName"/>

<property value="983998398" name="phone"/>

<property name="address" ref="address1"/>

</bean>


<bean class="com.infotech.model.Address" id="address1">

<property value="8282" name="addressId"/>

<property value="Pune" name="city"/>

<property value="Park Street" name="street"/>

<property value="8238984" name="zipCode"/>

</bean>

</beans>