<?xml version="1.0" encoding="utf-8"?>
<!DOCTYPE hibernate-configuration SYSTEM 
"http://www.hibernate.org/dtd/hibernate-configuration-3.0.dtd">
<hibernate-configuration>
	<session-factory>
		<property name="hibernate.dialect">org.hibernate.dialect.MySQLDialect</property>
		<property name="hibernate.connection.driver_class">com.mysql.jdbc.Driver</property>
		<property name="hibernate.connection.url">jdbc:mysql://localhost:3306/hibernatedb1</property>
		<property name="hibernate.connection.username">root</property>
		<property name="hibernate.connection.password">nazish</property>
		<property name="hibernate.hbm2ddl.auto">create</property>
		<property name="hibernate.show_sql">true</property>
		<property name="hibernate.format_sql">true</property>
		
		<mapping class="com.infotech.entities.Employee"/>
		<mapping class="com.infotech.entities.Pancard"/>
	</session-factory>
</hibernate-configuration>